<?xml version='1.0' encoding='utf-8'?>
<widget id="com.appsmobilecompany.base" version="1.0" xmlns="http://www.w3.org/ns/widgets" xmlns:cdv="http://cordova.apache.org/ns/1.0">
    <feature name="CDVWebViewEngine">
        <param name="ios-package" value="CDVWebViewEngine" />
    </feature>
    <feature name="LaunchScreen">
        <param name="ios-package" value="CDVLaunchScreen" />
    </feature>
    <feature name="LocalStorage">
        <param name="ios-package" value="CDVLocalStorage" />
    </feature>
    <feature name="Console">
        <param name="ios-package" value="CDVLogger" />
        <param name="onload" value="true" />
    </feature>
    <feature name="HandleOpenUrl">
        <param name="ios-package" value="CDVHandleOpenURL" />
        <param name="onload" value="true" />
    </feature>
    <feature name="IntentAndNavigationFilter">
        <param name="ios-package" value="CDVIntentAndNavigationFilter" />
        <param name="onload" value="true" />
    </feature>
    <feature name="GestureHandler">
        <param name="ios-package" value="CDVGestureHandler" />
        <param name="onload" value="true" />
    </feature>
    <name>AppsMobileCompany</name>
    <description>Apps Mobile Company app source code</description>
    <author>Apps Mobile Company Dev Team</author>
    <content src="index.html" />
    <access origin="*" />
    <access origin="cdvfile://*" />
    <access launch-external="yes" origin="tel:*" />
    <access launch-external="yes" origin="geo:*" />
    <access launch-external="yes" origin="mailto:*" />
    <access launch-external="yes" origin="sms:*" />
    <access launch-external="yes" origin="waze:*" />
    <access launch-external="yes" origin="google.navigation:*" />
    <access launch-external="yes" origin="whatsapp:*" />
    <allow-navigation href="*" />
    <allow-intent href="tel:*" />
    <allow-intent href="geo:*" />
    <allow-intent href="mailto:*" />
    <allow-intent href="sms:*" />
    <allow-intent href="waze:*" />
    <allow-intent href="google.navigation:*" />
    <allow-intent href="whatsapp:*" />
    <preference name="AllowInlineMediaPlayback" value="false" />
    <preference name="BackupWebStorage" value="none" />
    <preference name="DisallowOverscroll" value="true" />
    <preference name="EnableViewportScale" value="false" />
    <preference name="KeyboardDisplayRequiresUserAction" value="true" />
    <preference name="MediaTypesRequiringUserActionForPlayback" value="none" />
    <preference name="SuppressesIncrementalRendering" value="false" />
    <preference name="SuppressesLongPressGesture" value="false" />
    <preference name="Suppresses3DTouchGesture" value="false" />
    <preference name="GapBetweenPages" value="0" />
    <preference name="PageLength" value="0" />
    <preference name="PaginationBreakingMode" value="page" />
    <preference name="PaginationMode" value="unpaginated" />
    <preference name="webviewbounce" value="false" />
    <preference name="SplashShowOnlyFirstTime" value="false" />
    <preference name="AutoHideSplashScreen" value="false" />
    <preference name="FadeSplashScreen" value="true" />
    <preference name="FadeSplashScreenDuration" value="200" />
    <preference name="SplashMaintainAspectRatio" value="true" />
    <preference name="android-minSdkVersion" value="21" />
    <preference name="android-targetSdkVersion" value="29" />
    <preference name="HideKeyboardFormAccessoryBar" value="false" />
    <preference name="KeyboardResize" value="true" />
    <preference name="KeyboardResizeMode" value="native" />
    <preference name="deployment-target" value="11.0" />
    <preference name="WKWebViewOnly" value="true" />
    <feature name="InAppPurchase">
        <param name="ios-package" value="InAppPurchase" />
        <param name="onload" value="true" />
    </feature>
    <feature name="CDVWKWebViewFileXhr">
        <param name="ios-package" value="CDVWKWebViewFileXhr" />
        <param name="onload" value="true" />
    </feature>
    <feature name="PushNotification">
        <param name="ios-package" value="PushPlugin" />
    </feature>
    <feature name="WebViewPlugin">
        <param name="ios-package" value="WebViewPlugin" />
    </feature>
    <feature name="AppVersion">
        <param name="ios-package" value="AppVersion" />
    </feature>
    <feature name="Badge">
        <param name="ios-package" value="APPBadge" />
    </feature>
    <feature name="BarcodeScanner">
        <param name="ios-package" value="CDVBarcodeScanner" />
    </feature>
    <feature name="BrowserTab">
        <param name="ios-package" value="CBTBrowserTab" />
    </feature>
    <feature name="Camera">
        <param name="ios-package" value="CDVCamera" />
    </feature>
    <preference name="CameraUsesGeolocation" value="false" />
    <feature name="Clipboard">
        <param name="ios-package" value="CDVClipboard" />
    </feature>
    <feature name="Device">
        <param name="ios-package" value="CDVDevice" />
    </feature>
    <feature name="File">
        <param name="ios-package" value="CDVFile" />
        <param name="onload" value="true" />
    </feature>
    <feature name="Geolocation">
        <param name="ios-package" value="CDVLocation" />
    </feature>
    <feature name="InAppBrowser">
        <param name="ios-package" value="CDVWKInAppBrowser" />
        <param name="onload" value="true" />
    </feature>
    <feature name="CDVIonicKeyboard">
        <param name="ios-package" onload="true" value="CDVIonicKeyboard" />
    </feature>
    <feature name="SocialSharing">
        <param name="ios-package" value="SocialSharing" />
    </feature>
    <feature name="StatusBar">
        <param name="ios-package" value="CDVStatusBar" />
        <param name="onload" value="true" />
    </feature>
    <preference name="StatusBarOverlaysWebView" value="true" />
    <preference name="StatusBarStyle" value="lightcontent" />
    <feature name="LocalNotification">
        <param name="ios-package" onload="true" value="APPLocalNotification" />
        <param name="onload" value="true" />
    </feature>
    <feature name="Insomnia">
        <param name="ios-package" value="Insomnia" />
    </feature>
    <feature name="MusicControls">
        <param name="ios-package" value="MusicControls" />
    </feature>
    <feature name="MediaNative">
        <param name="ios-package" value="CDVSound" />
    </feature>
    <preference name="KeepAVAudioSessionAlwaysActive" value="NO" />
    <feature name="Navigator">
        <param name="ios-package" value="CDVNavigator" />
    </feature>
    <feature name="Toast">
        <param name="ios-package" value="Toast" />
    </feature>
</widget>
